{"cameraMode":{"drawMode":0,"name":"Shaded","section":"Shading Mode"},"sceneLighting":true,"audioPlay":false,"sceneViewState":{"showFog":true,"showMaterialUpdate":false,"showSkybox":true,"showFlares":true,"showImageEffects":true,"showParticleSystems":true,"showVisualEffectGraphs":true,"m_FxEnabled":true},"in2DMode":false,"pivot":{"x":1.0127166509628297,"y":0.45413368940353396,"z":-5.568849086761475},"rotation":{"x":0.08031076937913895,"y":0.005981426686048508,"z":-0.00048050584155134857,"w":0.9967525005340576},"size":9.434319496154786,"orthographic":false}