{"cameraMode":{"drawMode":0,"name":"Shaded","section":"Shading Mode"},"sceneLighting":true,"audioPlay":false,"sceneViewState":{"showFog":true,"showMaterialUpdate":false,"showSkybox":true,"showFlares":true,"showImageEffects":true,"showParticleSystems":true,"showVisualEffectGraphs":true,"m_FxEnabled":true},"in2DMode":false,"pivot":{"x":1.7785476446151734,"y":1.7995758056640626,"z":4.545347690582275},"rotation":{"x":-0.09836262464523316,"y":0.058177776634693149,"z":0.005758959334343672,"w":0.9934386610984802},"size":7.624675273895264,"orthographic":false}