{"cameraMode":{"drawMode":0,"name":"Shaded","section":"Shading Mode"},"sceneLighting":true,"audioPlay":false,"sceneViewState":{"showFog":true,"showMaterialUpdate":false,"showSkybox":true,"showFlares":true,"showImageEffects":true,"showParticleSystems":true,"showVisualEffectGraphs":true,"m_FxEnabled":true},"in2DMode":false,"pivot":{"x":-0.6745986938476563,"y":3.8303604125976564,"z":-0.45613670349121096},"rotation":{"x":-0.2957787811756134,"y":-0.18559467792510987,"z":0.05869610607624054,"w":-0.9352298378944397},"size":14.822303771972657,"orthographic":false}